{
  "levels": [
    {
      "id": 1,
      "duration": 60,
      "spawnInterval": 38,
      "spawnPositions": [100, 200, 300, 400, 550],
      "waveEnemyCount": 1.5,
      "speedRange": [1.15, 2.15],
      "stars": {
        "20": 260,
        "40": 680,
        "60": 9999
      }
    },
    {
      "id": 2,
      "duration": 60,
      "spawnInterval": 37,
      "spawnPositions": [100, 200, 300, 400, 500, 600],
      "waveEnemyCount": 1.6,
      "speedRange": [1.2, 2.25],
      "stars": {
        "20": 300,
        "40": 750,
        "60": 9999
      }
    },
    {
      "id": 3,
      "duration": 60,
      "spawnInterval": 36,
      "spawnPositions": [80, 150, 220, 300, 380, 460, 540, 620],
      "waveEnemyCount": 1.6,
      "speedRange": [1.3, 2.4],
      "stars": {
        "20": 360,
        "40": 800,
        "60": 9999
      }
    }
  ]
}
