{"frames": {

"chiken-fly (1)-0.png":
{
	"frame": {"x":0,"y":0,"w":110,"h":101},
	"rotated": false,
	"trimmed": false,
	"spriteSourceSize": {"x":0,"y":0,"w":110,"h":101},
	"sourceSize": {"w":110,"h":101}
},
"chiken-fly (1)-1.png":
{
	"frame": {"x":110,"y":0,"w":117,"h":95},
	"rotated": false,
	"trimmed": false,
	"spriteSourceSize": {"x":0,"y":0,"w":117,"h":95},
	"sourceSize": {"w":117,"h":95}
},
"chiken-fly (1)-2.png":
{
	"frame": {"x":227,"y":0,"w":121,"h":105},
	"rotated": false,
	"trimmed": false,
	"spriteSourceSize": {"x":0,"y":0,"w":121,"h":105},
	"sourceSize": {"w":121,"h":105}
},
"chiken-fly (1)-3.png":
{
	"frame": {"x":348,"y":0,"w":122,"h":107},
	"rotated": false,
	"trimmed": false,
	"spriteSourceSize": {"x":0,"y":0,"w":122,"h":107},
	"sourceSize": {"w":122,"h":107}
},
"chiken-fly (1)-4.png":
{
	"frame": {"x":470,"y":0,"w":124,"h":106},
	"rotated": false,
	"trimmed": false,
	"spriteSourceSize": {"x":0,"y":0,"w":124,"h":106},
	"sourceSize": {"w":124,"h":106}
},
"chiken-fly (1)-5.png":
{
	"frame": {"x":594,"y":0,"w":124,"h":101},
	"rotated": false,
	"trimmed": false,
	"spriteSourceSize": {"x":0,"y":0,"w":124,"h":101},
	"sourceSize": {"w":124,"h":101}
},
"chiken-fly (1)-6.png":
{
	"frame": {"x":718,"y":0,"w":120,"h":94},
	"rotated": false,
	"trimmed": false,
	"spriteSourceSize": {"x":0,"y":0,"w":120,"h":94},
	"sourceSize": {"w":120,"h":94}
},
"chiken-fly (1)-7.png":
{
	"frame": {"x":838,"y":0,"w":115,"h":94},
	"rotated": false,
	"trimmed": false,
	"spriteSourceSize": {"x":0,"y":0,"w":115,"h":94},
	"sourceSize": {"w":115,"h":94}
},
"chiken-fly (1)-8.png":
{
	"frame": {"x":953,"y":0,"w":108,"h":102},
	"rotated": false,
	"trimmed": false,
	"spriteSourceSize": {"x":0,"y":0,"w":108,"h":102},
	"sourceSize": {"w":108,"h":102}
},
"chiken-fly (1)-9.png":
{
	"frame": {"x":1061,"y":0,"w":103,"h":106},
	"rotated": false,
	"trimmed": false,
	"spriteSourceSize": {"x":0,"y":0,"w":103,"h":106},
	"sourceSize": {"w":103,"h":106}
},
"chiken-fly (1)-10.png":
{
	"frame": {"x":1164,"y":0,"w":100,"h":108},
	"rotated": false,
	"trimmed": false,
	"spriteSourceSize": {"x":0,"y":0,"w":100,"h":108},
	"sourceSize": {"w":100,"h":108}
},
"chiken-fly (1)-11.png":
{
	"frame": {"x":1264,"y":0,"w":99,"h":109},
	"rotated": false,
	"trimmed": false,
	"spriteSourceSize": {"x":0,"y":0,"w":99,"h":109},
	"sourceSize": {"w":99,"h":109}
},
"chiken-fly (1)-12.png":
{
	"frame": {"x":1363,"y":0,"w":101,"h":109},
	"rotated": false,
	"trimmed": false,
	"spriteSourceSize": {"x":0,"y":0,"w":101,"h":109},
	"sourceSize": {"w":101,"h":109}
}},
"animations": {
	"chiken-fly (1)": ["chiken-fly (1)-0.png","chiken-fly (1)-1.png","chiken-fly (1)-2.png","chiken-fly (1)-3.png","chiken-fly (1)-4.png","chiken-fly (1)-5.png","chiken-fly (1)-6.png","chiken-fly (1)-7.png","chiken-fly (1)-8.png","chiken-fly (1)-9.png","chiken-fly (1)-10.png","chiken-fly (1)-11.png","chiken-fly (1)-12.png"]
},
"meta": {
	"app": "https://www.codeandweb.com/texturepacker",
	"version": "1.1",
	"image": "chiken-fly.png",
	"format": "RGBA8888",
	"size": {"w":1464,"h":109},
	"scale": "1",
	"smartupdate": "$TexturePacker:SmartUpdate:47c2c24de34f49e2913043f9512543cb:e795eea94660e078b0048a5e62a34bdd:3bc36423b602fcf34d1bb4c41ab4ca35$"
}
}
